{
  "images" : [
    {
      "idiom" : "universal",
      "filename" : "10620287_828175213901540_5913828221204541856_o205x154.png",
      "scale" : "1x"
    },
    {
      "idiom" : "universal",
      "filename" : "10620287_828175213901540_5913828221204541856_o205x154@2x.png",
      "scale" : "2x"
    },
    {
      "idiom" : "universal",
      "filename" : "10620287_828175213901540_5913828221204541856_o205x154@3x.png",
      "scale" : "3x"
    }
  ],
  "info" : {
    "version" : 1,
    "author" : "xcode"
  }
}